1. Write the query to display productionid, production name with total number movies produced by each?
Ans:- 
SELECT productions.Productionid, Productionname, COUNT(Productionname) AS COUNT FROM movie INNER JOIN productions WHERE productions.Productionid=movie.Productionid GROUP BY movie.Productionid;
+--------------+----------------------------+-------+
| Productionid | Productionname             | COUNT |
+--------------+----------------------------+-------+
|         1010 | Hari Om Entertainment      |     1 |
|         1854 | Junglee Picture            |     1 |
|         1899 | Viacom18 Studios           |     6 |
|         1988 | Red Chillies Entertainment |     1 |
|         2341 | CRM                        |     1 |
|         6773 | Hombale Flims              |     1 |
|         7682 | Mythri Movie Makers        |     1 |
|         7882 | DVV Entertainments         |     1 |
|         8892 | Lyca Productions           |     2 |
|         9091 | Arkamediaworks             |     3 |
+--------------+----------------------------+-------+
10 rows in set (0.01 sec)

----------------------------------------------------------------------------------------------------------------------------------
----------------------------------------------------------------------------------------------------------------------------------

2. Write the query to display production name, owner name have produced more than 2 movies.

Ans:-  SELECT Productionname, Ownername, Moviename FROM movie INNER JOIN productions ON movie.Productionid=productions.Productionid GROUP BY Productionname HAVING COUNT(Productionname)>2;
+------------------+------------------+--------------------------+
| Productionname   | Ownername        | Moviename                |
+------------------+------------------+--------------------------+
| Viacom18 Studios | Ajit Andhare     | Padmavaat                |
| Arkamediaworks   | Shobu Yarlagadda | Bahubali - The Beginning |
+------------------+------------------+--------------------------+
2 rows in set (0.00 sec)


----------------------------------------------------------------------------------------------------------------------------------
----------------------------------------------------------------------------------------------------------------------------------
3. Write the query to display production name, owner name have produced maximum movies

Ans:- SELECT productions.Productionname, Ownername FROM movie INNER JOIN productions WHERE productions.Productionid=movie.Productionid GROUP BY movie.Productionid HAVING COUNT(*)>0 ORDER BY COUNT(*) DESC LIMIT 1;
+------------------+--------------+
| Productionname   | Ownername    |
+------------------+--------------+
| Viacom18 Studios | Ajit Andhare |
+------------------+--------------+
1 row in set (0.00 sec)

----------------------------------------------------------------------------------------------------------------------------------
----------------------------------------------------------------------------------------------------------------------------------

4. Write the query to display the moviename, heroname and productionname acted in the producer name= ’Subaskaran’.
Ams:-  select movie.Moviename, movie.Heroname,productions.Productionname from movie inner join productions ON movie.Productionid=productions.Productionid where Ownername="Subaskaran";
+----------------+-------------+------------------+
| Moviename      | Heroname    | Productionname   |
+----------------+-------------+------------------+
| Khaidi No. 150 | chiranjeevi | Lyca Productions |
| 2.0            | Rajnikanth  | Lyca Productions |
+----------------+-------------+------------------+
2 rows in set (0.02 sec)


----------------------------------------------------------------------------------------------------------------------------------
----------------------------------------------------------------------------------------------------------------------------------

5. Write the query to display the moviename, heroname whose productionid ends with 82.
Ans:- 
SELECT Moviename, Heroname FROM movie WHERE Productionid LIKE "%82";
+------------------+-------------+
| Moviename        | Heroname    |
+------------------+-------------+
| Rangasthalam     | Ram Charan  |
| Bharath Ane nenu | Mahesh Babu |
+------------------+-------------+
2 rows in set (0.00 sec)

----------------------------------------------------------------------------------------------------------------------------------
----------------------------------------------------------------------------------------------------------------------------------
6. Write the query to display the productionname, ownername who has not produced the movie.
Ans:-

SELECT Productionname, Ownername FROM movie RIGHT JOIN productions ON productions.Productionid=movie.Productionid WHERE Movieid IS NULL;
+----------------+-----------+
| Productionname | Ownername |
+----------------+-----------+
| STP            | Sree      |
+----------------+-----------+
1 row in set (0.00 sec)

----------------------------------------------------------------------------------------------------------------------------------
----------------------------------------------------------------------------------------------------------------------------------
7. Write the query to display the productionname, ownername who has not produced the ‘hindi’ movie .
Ans:  select Productionname, Ownername FROM movie inner join productions ON productions.Productionid=movie.Productionid where Language <>'Hindi' group by (Ownername);;
+---------------------+------------------+
| Productionname      | Ownername        |
+---------------------+------------------+
| Viacom18 Studios    | Ajit Andhare     |
| CRM                 | Manohar          |
| Hombale Flims       | Vijay            |
| Mythri Movie Makers | Naveen Yerneni   |
| DVV Entertainments  | DVV Danayya      |
| Lyca Productions    | Subaskaran       |
| Arkamediaworks      | Shobu Yarlagadda |
+---------------------+------------------+
7 rows in set (0.00 sec)

----------------------------------------------------------------------------------------------------------------------------------
----------------------------------------------------------------------------------------------------------------------------------
8.Write the query name to display the heroinename who acted in the different productions but not in same production id.

Ans: SELECT Heroine FROM movie GROUP BY Heroine HAVING COUNT(movie.Productionid)>1;
+---------+
| Heroine |
+---------+
| Andrea  |
| Amy     |
+---------+
2 rows in set (0.00 sec)



----------------------------------------------------------------------------------------------------------------------------------
----------------------------------------------------------------------------------------------------------------------------------
9.Write the query to display the heroname who acted in maximum languages.
Ans: 
 Select Heroname FROM movie GROUP BY Heroname ORDER BY COUNT(*) DESC LIMIT 1;
+-----------+
| Heroname  |
+-----------+
| Siddharth |
+-----------+
1 row in set (0.00 sec)

----------------------------------------------------------------------------------------------------------------------------------
----------------------------------------------------------------------------------------------------------------------------------
10. Write the query to display the production name, owner name who has produced movie for more languages.
Ans: 

----------------------------------------------------------------------------------------------------------------------------------
----------------------------------------------------------------------------------------------------------------------------------

11.
Write the query to display the productionname, producername who has not produced any movie.

mysql>

SELECT Productionname, Ownername FROM movie RIGHT JOIN productions ON productions.Productionid=movie.Productionid WHERE Movieid IS NULL;
+----------------+-----------+
| Productionname | Ownername |
+----------------+-----------+
| STP            | Sree      |
+----------------+-----------+
1 row in set (0.00 sec)